id;date;start_time;end_time;title;comment;creator_id
1;2020-04-05;Rubber collaboration RAM;Vision-oriented Cambridgeshire;cultivate Synergized;Soft Avon;2
2;2020-04-05;El Salvador Colon US Dollar invoice;Salad Customer navigate;monitor transparent Garden;ADP;2
3;2020-04-05;monitor Frozen;Hollow web-readiness Mobility;Specialist;Direct Bolivar Fuerte;2
4;2020-04-05;COM parsing Money Market Account;orange auxiliary;Ergonomic Austria;Personal Loan Account;2
5;2020-04-04;Tonga composite Organic;capacity iterate;USB;Direct AI;2
6;2020-04-05;Kids Chips;Cotton Home Loan Account Outdoors;bluetooth;Horizontal;2
7;2020-04-05;Supervisor;compress Barbados;multi-byte Gloves productivity;Analyst Forward;2
8;2020-04-05;Profound application generating;streamline Integration;Orchard;leverage Algeria Ports;2
9;2020-04-05;Borders;Shirt Montserrat experiences;haptic Division;invoice payment Total;2
10;2020-04-05;strategize;olive;Right-sized American Samoa;methodologies index Corporate;2
